id_proveedor,descripcion_clasificacion_proveedor,secuencia_produccion,orden,material,prioridad,minutos_totales_de_la_orden
3,potenciales,1,2692353,2692353,3.0,1933.3
3,potenciales,2,2691623,2691623,3.0,2904.62
5,oportunidad,1,2691265,2691265,3.0,1351.68
5,oportunidad,2,2693043,2693043,3.0,2709.772
7,potenciales,1,2692713,2692713,3.0,1670.59
7,potenciales,2,2692645,2692645,3.0,2165.784
7,potenciales,3,2692319,2692319,3.0,2191.86
8,oportunidad,1,2691324,2691324,3.0,1407.255
8,oportunidad,2,2692403,2692403,3.0,4302.18
8,oportunidad,3,2692064,2692064,3.0,5274.836
8,oportunidad,4,2692438,2692438,3.0,6661.494
9,potenciales,1,2693126,2693126,3.0,4122.552
11,oportunidad,1,2692289,2692289,3.0,2338.615
11,oportunidad,2,2692331,2692331,3.0,5342.61
11,oportunidad,3,2692532,2692532,3.0,6367.416
11,oportunidad,4,2692377,2692377,3.0,7405.028
14,oportunidad,1,2693054,2693054,2.0,7920.85
16,oportunidad,1,2693218,2693218,3.0,5568.588
16,oportunidad,2,2692040,2692040,3.0,6884.136
16,oportunidad,3,2692728,2692728,3.0,7425.08
16,oportunidad,4,2693099,2693099,3.0,7493.192
22,confianza,1,2693141,2693141,2.0,4864.65
22,confianza,2,2692096,2692096,2.0,5809.632
22,confianza,3,2691946,2691946,2.0,12633.005
29,oportunidad,1,2691368,2691368,3.0,1782.2
34,oportunidad,1,2691059,2691059,3.0,2293.056
34,oportunidad,2,2692366,2692366,3.0,2738.88
34,oportunidad,3,2692506,2692506,3.0,2905.632
34,oportunidad,4,2692820,2692820,3.0,3701.181
36,oportunidad,1,2692380,2692380,3.0,5007.38
36,oportunidad,2,2693093,2693093,3.0,7521.36
41,oportunidad,1,2692531,2692531,3.0,5946.876
41,oportunidad,2,2692634,2692634,3.0,6098.808
41,oportunidad,3,2692874,2692874,3.0,10578.624
42,oportunidad,1,2692826,2692826,3.0,3218.211
43,oportunidad,1,2691890,2691890,3.0,1718.5
43,oportunidad,2,2692467,2692467,3.0,1871.001
43,oportunidad,3,2691504,2691504,3.0,3862.54
43,oportunidad,4,2691638,2691638,3.0,4688.1
43,oportunidad,5,2693020,2693020,3.0,6344.562
48,potenciales,1,2692704,2692704,3.0,1087.9
48,potenciales,2,2692698,2692698,3.0,1449.0
48,potenciales,3,2691251,2691251,3.0,2783.844
48,potenciales,4,2692766,2692766,3.0,3263.7
48,potenciales,5,2692752,2692752,3.0,3770.91
48,potenciales,6,2692746,2692746,3.0,3898.368
51,oportunidad,1,2691115,2691115,3.0,1834.266
51,oportunidad,2,2691019,2691019,3.0,2985.65
51,oportunidad,3,2692912,2692912,3.0,3512.285
51,oportunidad,4,2690676,2690676,3.0,3695.212
52,oportunidad,1,2692337,2692337,3.0,5485.536
52,oportunidad,2,2693118,2693118,3.0,6989.56
53,oportunidad,1,2692193,2692193,3.0,4436.423
53,oportunidad,2,2690899,2690899,3.0,4821.74
53,oportunidad,3,2692753,2692753,3.0,4954.65
53,oportunidad,4,2692916,2692916,3.0,5839.65
53,oportunidad,5,2690841,2690841,3.0,6161.562
54,oportunidad,1,2692378,2692378,3.0,2604.537
54,oportunidad,2,2690859,2690859,3.0,2997.784
55,potenciales,1,2692349,2692349,3.0,1147.248
55,potenciales,2,2691254,2691254,3.0,1787.814
55,potenciales,3,2691319,2691319,3.0,1787.988
55,potenciales,4,2691208,2691208,3.0,2027.592
55,potenciales,5,2692405,2692405,3.0,2310.43
55,potenciales,6,2692369,2692369,3.0,2326.236
55,potenciales,7,2691210,2691210,3.0,2427.852
55,potenciales,8,2692455,2692455,3.0,2537.662
55,potenciales,9,2692284,2692284,3.0,2604.659
55,potenciales,10,2693070,2693070,3.0,2611.125
55,potenciales,11,2690989,2690989,3.0,2660.523
55,potenciales,12,2692187,2692187,3.0,2841.586
55,potenciales,13,2692662,2692662,3.0,2844.153
55,potenciales,14,2692452,2692452,3.0,3046.12
55,potenciales,15,2693100,2693100,3.0,3646.482
55,potenciales,16,2690972,2690972,3.0,3682.88
55,potenciales,17,2690985,2690985,3.0,3695.976
55,potenciales,18,2692404,2692404,3.0,3824.16
56,potenciales,1,2691707,2691707,3.0,1663.15
57,oportunidad,1,2691596,2691596,3.0,3232.768
57,oportunidad,2,2692301,2692301,3.0,5896.15
59,potenciales,1,2690916,2690916,3.0,2559.744
62,potenciales,1,2692754,2692754,3.0,2084.346
62,potenciales,2,2692427,2692427,3.0,2142.288
62,potenciales,3,2692564,2692564,3.0,2583.36
62,potenciales,4,2692464,2692464,3.0,2856.75
62,potenciales,5,2690912,2690912,3.0,2862.272
62,potenciales,6,2693122,2693122,3.0,3033.312
62,potenciales,7,2692810,2692810,3.0,3048.168
62,potenciales,8,2690967,2690967,3.0,3070.08
62,potenciales,9,2693115,2693115,3.0,3198.96
62,potenciales,10,2692801,2692801,3.0,3792.096
62,potenciales,11,2692809,2692809,3.0,4338.004
62,potenciales,12,2692082,2692082,3.0,4491.032
64,oportunidad,1,2692447,2692447,3.0,3680.4
65,potenciales,1,2691177,2691177,3.0,1716.65
66,potenciales,1,2691256,2691256,3.0,1824.3
66,potenciales,2,2692751,2692751,3.0,3003.876
66,potenciales,3,2691284,2691284,3.0,3590.07
68,potenciales,1,2692587,2692587,3.0,1656.288
68,potenciales,2,2693015,2693015,3.0,1735.794
68,potenciales,3,2692510,2692510,3.0,1775.172
68,potenciales,4,2692300,2692300,3.0,1817.438
68,potenciales,5,2691427,2691427,3.0,1844.64
68,potenciales,6,2690951,2690951,3.0,1846.713
68,potenciales,7,2692584,2692584,3.0,1892.268
68,potenciales,8,2692979,2692979,3.0,1917.09
68,potenciales,9,2692508,2692508,3.0,1932.336
68,potenciales,10,2690712,2690712,3.0,2001.132
68,potenciales,11,2692450,2692450,3.0,2241.0
68,potenciales,12,2691433,2691433,3.0,2270.52
68,potenciales,13,2692829,2692829,3.0,2302.17
68,potenciales,14,2692112,2692112,3.0,2318.535
68,potenciales,15,2692453,2692453,3.0,2318.592
68,potenciales,16,2692175,2692175,3.0,2324.408
68,potenciales,17,2693050,2693050,3.0,2370.654
68,potenciales,18,2690662,2690662,3.0,2378.898
68,potenciales,19,2693102,2693102,3.0,2380.416
68,potenciales,20,2692047,2692047,3.0,2477.52
68,potenciales,21,2692456,2692456,3.0,2506.6
68,potenciales,22,2690911,2690911,2.0,2078.082
71,potenciales,1,2691462,2691462,3.0,1290.787
71,potenciales,2,2692770,2692770,3.0,2381.73
71,potenciales,3,2691199,2691199,3.0,2919.89
71,potenciales,4,2692696,2692696,3.0,2994.21
72,confianza,1,2692435,2692435,3.0,1410.522
72,confianza,2,2692468,2692468,3.0,1698.809
72,confianza,3,2692749,2692749,3.0,6169.359
72,confianza,4,2692240,2692240,3.0,6727.884
72,confianza,5,2691610,2691610,3.0,6776.595
74,oportunidad,1,2691247,2691247,3.0,4155.088
75,potenciales,1,2691969,2691969,3.0,1763.275
76,oportunidad,1,2693040,2693040,3.0,2721.769
76,oportunidad,2,2693039,2693039,3.0,2781.842
76,oportunidad,3,2692854,2692854,3.0,2985.506
76,oportunidad,4,2692630,2692630,3.0,3050.4
76,oportunidad,5,2692620,2692620,3.0,3064.165
76,oportunidad,6,2692858,2692858,3.0,3115.98
76,oportunidad,7,2691957,2691957,3.0,3238.244
76,oportunidad,8,2693022,2693022,3.0,3271.668
76,oportunidad,9,2690959,2690959,3.0,3289.348
76,oportunidad,10,2692108,2692108,3.0,3318.24
76,oportunidad,11,2690670,2690670,3.0,3514.212
77,oportunidad,1,2691076,2691076,3.0,908.076
80,potenciales,1,2692967,2692967,3.0,1695.92
85,potenciales,1,2691370,2691370,3.0,965.37
86,oportunidad,1,2691217,2691217,3.0,2014.5
86,oportunidad,2,2692490,2692490,3.0,2062.39
86,oportunidad,3,2691329,2691329,3.0,2240.67
88,potenciales,1,2692383,2692383,3.0,1305.48
88,potenciales,2,2692703,2692703,3.0,1570.69
88,potenciales,3,2692517,2692517,3.0,2414.676
88,potenciales,4,2691238,2691238,3.0,2463.696
88,potenciales,5,2692791,2692791,3.0,2469.872
88,potenciales,6,2692570,2692570,3.0,2543.616
88,potenciales,7,2693125,2693125,3.0,2785.042
88,potenciales,8,2692802,2692802,3.0,4135.516
88,potenciales,9,2692322,2692322,3.0,4975.82
90,confianza,1,2692654,2692654,3.0,491.832
90,confianza,2,2692656,2692656,3.0,491.832
90,confianza,3,2692382,2692382,3.0,506.736
90,confianza,4,2692170,2692170,3.0,656.705
90,confianza,5,2691303,2691303,3.0,688.076
90,confianza,6,2691290,2691290,3.0,699.84
90,confianza,7,2692598,2692598,3.0,758.34
90,confianza,8,2691322,2691322,3.0,778.368
90,confianza,9,2692414,2692414,3.0,802.197
90,confianza,10,2692343,2692343,3.0,857.9
90,confianza,11,2692702,2692702,3.0,860.985
90,confianza,12,2691320,2691320,3.0,875.664
90,confianza,13,2692375,2692375,3.0,916.692
90,confianza,14,2692001,2692001,3.0,924.43
90,confianza,15,2692655,2692655,3.0,970.866
90,confianza,16,2691321,2691321,3.0,1066.65
90,confianza,17,2692615,2692615,3.0,1095.138
90,confianza,18,2692436,2692436,3.0,1110.297
90,confianza,19,2691421,2691421,3.0,1157.13
90,confianza,20,2693188,2693188,3.0,1189.6
90,confianza,21,2691213,2691213,3.0,1205.326
90,confianza,22,2692700,2692700,3.0,1213.955
90,confianza,23,2691249,2691249,3.0,1220.78
90,confianza,24,2691464,2691464,3.0,1231.123
90,confianza,25,2692000,2692000,3.0,1322.646
90,confianza,26,2691246,2691246,3.0,1331.76
90,confianza,27,2691255,2691255,3.0,1336.868
90,confianza,28,2692705,2692705,3.0,1342.7
90,confianza,29,2692340,2692340,3.0,1343.034
90,confianza,30,2692575,2692575,3.0,1361.088
90,confianza,31,2693010,2693010,3.0,1391.46
90,confianza,32,2691323,2691323,3.0,1407.255
90,confianza,33,2691209,2691209,3.0,1430.216
90,confianza,34,2692956,2692956,3.0,1481.445
90,confianza,35,2692444,2692444,3.0,1484.028
90,confianza,36,2691243,2691243,3.0,1510.564
90,confianza,37,2692433,2692433,3.0,1597.728
90,confianza,38,2693112,2693112,3.0,1669.568
90,confianza,39,2691468,2691468,3.0,2013.69
90,confianza,40,2692852,2692852,3.0,2033.856
93,potenciales,1,2692308,2692308,3.0,2053.44
93,potenciales,2,2691373,2691373,3.0,2054.988
93,potenciales,3,2691079,2691079,3.0,2120.205
93,potenciales,4,2693035,2693035,3.0,2129.575
93,potenciales,5,2692454,2692454,3.0,2279.436
93,potenciales,6,2690408,2690408,3.0,2361.528
93,potenciales,7,2691012,2691012,3.0,2371.432
93,potenciales,8,2692191,2692191,3.0,2401.74
93,potenciales,9,2692893,2692893,3.0,2465.64
93,potenciales,10,2692365,2692365,3.0,2466.044
93,potenciales,11,2693173,2693173,3.0,2478.804
93,potenciales,12,2691964,2691964,3.0,2485.428
93,potenciales,13,2692877,2692877,3.0,3487.38
95,oportunidad,1,2692646,2692646,3.0,2629.9
95,oportunidad,2,2692747,2692747,3.0,2801.645
95,oportunidad,3,2692472,2692472,3.0,2852.85
95,oportunidad,4,2690910,2690910,3.0,2861.018
96,oportunidad,1,2691021,2691021,3.0,2638.975
96,oportunidad,2,2692041,2692041,3.0,2767.2
96,oportunidad,3,2690900,2690900,3.0,3171.936
96,oportunidad,4,2692977,2692977,3.0,3293.08
96,oportunidad,5,2692714,2692714,3.0,3350.025
96,oportunidad,6,2692105,2692105,3.0,3578.4
97,oportunidad,1,2690678,2690678,3.0,2557.035
97,oportunidad,2,2692566,2692566,3.0,2879.567
97,oportunidad,3,2692292,2692292,3.0,3161.6
97,oportunidad,4,2691175,2691175,3.0,3332.16
97,oportunidad,5,2692213,2692213,3.0,3449.6
98,potenciales,1,2692763,2692763,3.0,1961.82
98,potenciales,2,2690962,2690962,3.0,2378.04
98,potenciales,3,2692279,2692279,3.0,2636.55
98,potenciales,4,2692460,2692460,3.0,3389.85
98,potenciales,5,2692426,2692426,3.0,3448.512
98,potenciales,6,2692756,2692756,3.0,4508.784
98,potenciales,7,2692339,2692339,3.0,4701.888
98,potenciales,8,2692336,2692336,3.0,4799.844
99,oportunidad,1,2692026,2692026,3.0,2198.175
99,oportunidad,2,2692388,2692388,3.0,2723.232
99,oportunidad,3,2692196,2692196,3.0,3169.2
99,oportunidad,4,2692234,2692234,3.0,3422.632
99,oportunidad,5,2692066,2692066,3.0,3449.533
101,oportunidad,1,2691952,2691952,3.0,3700.191
103,oportunidad,1,2691443,2691443,3.0,2569.215
103,oportunidad,2,2692401,2692401,3.0,2635.646
103,oportunidad,3,2692151,2692151,3.0,2650.743
103,oportunidad,4,2692727,2692727,3.0,2759.952
103,oportunidad,5,2692122,2692122,3.0,2903.796
103,oportunidad,6,2690950,2690950,3.0,3539.745
107,confianza,1,2693082,2693082,3.0,469.161
107,confianza,2,2690908,2690908,3.0,471.342
107,confianza,3,2691275,2691275,3.0,646.68
107,confianza,4,2691411,2691411,3.0,670.956
107,confianza,5,2690708,2690708,3.0,704.62
107,confianza,6,2691077,2691077,3.0,708.9
107,confianza,7,2691409,2691409,3.0,755.28
107,confianza,8,2691374,2691374,3.0,759.849
107,confianza,9,2692577,2692577,3.0,769.02
107,confianza,10,2691176,2691176,3.0,829.53
107,confianza,11,2690855,2690855,3.0,902.616
107,confianza,12,2692971,2692971,3.0,906.336
107,confianza,13,2692469,2692469,3.0,913.275
107,confianza,14,2692677,2692677,3.0,933.75
107,confianza,15,2692120,2692120,3.0,937.38
107,confianza,16,2691381,2691381,3.0,948.464
107,confianza,17,2691305,2691305,3.0,986.187
107,confianza,18,2691389,2691389,3.0,989.934
107,confianza,19,2691269,2691269,3.0,1013.132
107,confianza,20,2691430,2691430,3.0,1013.376
107,confianza,21,2691414,2691414,3.0,1030.612
107,confianza,22,2691081,2691081,3.0,1065.243
107,confianza,23,2693145,2693145,3.0,1075.225
107,confianza,24,2692580,2692580,3.0,1165.914
107,confianza,25,2691997,2691997,3.0,1187.784
107,confianza,26,2691393,2691393,3.0,1228.692
107,confianza,27,2691428,2691428,3.0,1256.112
107,confianza,28,2691134,2691134,3.0,1263.072
107,confianza,29,2691386,2691386,3.0,1293.36
107,confianza,30,2691424,2691424,3.0,1310.378
107,confianza,31,2691234,2691234,3.0,1320.305
107,confianza,32,2691183,2691183,3.0,1349.559
107,confianza,33,2691272,2691272,3.0,1406.529
107,confianza,34,2691405,2691405,3.0,1417.2
107,confianza,35,2691367,2691367,3.0,1419.264
107,confianza,36,2692993,2692993,3.0,1439.286
107,confianza,37,2692583,2692583,3.0,1458.592
107,confianza,38,2691446,2691446,3.0,1459.568
107,confianza,39,2691295,2691295,3.0,1472.44
107,confianza,40,2691431,2691431,3.0,1513.512
107,confianza,41,2692035,2692035,3.0,1525.2
107,confianza,42,2691078,2691078,3.0,1529.0
107,confianza,43,2690790,2690790,3.0,1538.031
107,confianza,44,2691406,2691406,3.0,1547.557
107,confianza,45,2692576,2692576,3.0,1549.968
107,confianza,46,2691300,2691300,3.0,1552.032
107,confianza,47,2692850,2692850,3.0,1557.864
107,confianza,48,2692430,2692430,3.0,1568.7
107,confianza,49,2692497,2692497,3.0,1569.384
107,confianza,50,2691097,2691097,3.0,1575.3
107,confianza,51,2691301,2691301,3.0,1587.63
107,confianza,52,2691128,2691128,3.0,1589.94
107,confianza,53,2692045,2692045,3.0,1591.14
107,confianza,54,2691972,2691972,3.0,1592.928
107,confianza,55,2692022,2692022,3.0,1601.46
107,confianza,56,2691023,2691023,3.0,1787.313
108,potenciales,1,2692879,2692879,3.0,1674.784
108,potenciales,2,2692177,2692177,3.0,1875.006
108,potenciales,3,2691293,2691293,3.0,2303.744
108,potenciales,4,2692670,2692670,3.0,2448.18
108,potenciales,5,2691227,2691227,3.0,2493.14
109,oportunidad,1,2693123,2693123,3.0,5688.306
110,potenciales,1,2691250,2691250,3.0,904.059
110,potenciales,2,2693012,2693012,3.0,1470.972
110,potenciales,3,2691239,2691239,3.0,1931.75
110,potenciales,4,2692978,2692978,3.0,2268.035
110,potenciales,5,2692744,2692744,3.0,2573.31
110,potenciales,6,2691245,2691245,3.0,2934.24
110,potenciales,7,2691211,2691211,3.0,3921.638
110,potenciales,8,2692166,2692166,3.0,4435.776
110,potenciales,9,2692160,2692160,3.0,4492.488
110,potenciales,10,2692724,2692724,3.0,4701.888
110,potenciales,11,2692152,2692152,3.0,5285.52
111,oportunidad,1,2692775,2692775,3.0,4331.844
111,oportunidad,2,2693021,2693021,3.0,4821.976
115,potenciales,1,2692968,2692968,3.0,1726.79
115,potenciales,2,2691451,2691451,3.0,2004.101
115,potenciales,3,2693047,2693047,3.0,2087.917
115,potenciales,4,2690979,2690979,3.0,2418.372
115,potenciales,5,2691228,2691228,3.0,2750.725
115,potenciales,6,2691260,2691260,3.0,3022.539
115,potenciales,7,2693053,2693053,3.0,3313.497
116,oportunidad,1,2692344,2692344,3.0,2323.356
116,oportunidad,2,2691444,2691444,3.0,3989.965
117,potenciales,1,2692069,2692069,3.0,1419.12
117,potenciales,2,2692373,2692373,3.0,1490.112
117,potenciales,3,2692440,2692440,3.0,1619.964
117,potenciales,4,2692998,2692998,3.0,1882.32
117,potenciales,5,2692762,2692762,3.0,2152.882
117,potenciales,6,2692732,2692732,3.0,2394.576
117,potenciales,7,2692073,2692073,3.0,3217.536
117,potenciales,8,2692097,2692097,3.0,3330.096
117,potenciales,9,2690976,2690976,3.0,5050.8
118,oportunidad,1,2692907,2692907,3.0,2670.836
122,potenciales,1,2691299,2691299,3.0,1659.24
122,potenciales,2,2692665,2692665,3.0,1673.1
122,potenciales,3,2693077,2693077,3.0,1747.02
122,potenciales,4,2692147,2692147,3.0,1955.712
122,potenciales,5,2691394,2691394,3.0,2124.144
122,potenciales,6,2692294,2692294,3.0,2158.606
122,potenciales,7,2691118,2691118,3.0,2239.464
122,potenciales,8,2692663,2692663,3.0,2336.922
122,potenciales,9,2692004,2692004,3.0,2338.824
122,potenciales,10,2692334,2692334,3.0,2340.117
122,potenciales,11,2692021,2692021,3.0,2377.375
122,potenciales,12,2692046,2692046,3.0,2933.232
122,potenciales,13,2691185,2691185,3.0,3465.779
124,potenciales,1,2692693,2692693,3.0,1323.784
124,potenciales,2,2691096,2691096,3.0,1628.592
124,potenciales,3,2692156,2692156,3.0,1707.904
124,potenciales,4,2691132,2691132,3.0,1767.444
124,potenciales,5,2692283,2692283,3.0,1801.338
124,potenciales,6,2692908,2692908,3.0,1848.0
124,potenciales,7,2692666,2692666,3.0,2355.43
124,potenciales,8,2690914,2690914,3.0,2483.712
125,oportunidad,1,2690975,2690975,3.0,4313.628
125,oportunidad,2,2692463,2692463,3.0,6150.06
125,oportunidad,3,2692774,2692774,3.0,6201.18
125,oportunidad,4,2693087,2693087,3.0,6273.765
126,oportunidad,1,2690876,2690876,3.0,2626.848
126,oportunidad,2,2691173,2691173,3.0,2956.224
126,oportunidad,3,2692586,2692586,3.0,3026.088
126,oportunidad,4,2690697,2690697,3.0,3077.004
126,oportunidad,5,2692338,2692338,3.0,3087.897
127,potenciales,1,2691258,2691258,3.0,2924.643
127,potenciales,2,2691283,2691283,3.0,3406.842
128,potenciales,1,2692503,2692503,3.0,2112.804
128,potenciales,2,2691162,2691162,3.0,2216.466
128,potenciales,3,2692307,2692307,3.0,2278.938
128,potenciales,4,2691124,2691124,3.0,2294.82
128,potenciales,5,2692494,2692494,3.0,2529.294
128,potenciales,6,2692866,2692866,3.0,2544.624
131,oportunidad,1,2692291,2692291,3.0,2766.832
131,oportunidad,2,2692527,2692527,3.0,3013.2
131,oportunidad,3,2690779,2690779,3.0,3228.412
131,oportunidad,4,2692437,2692437,3.0,3292.596
131,oportunidad,5,2690664,2690664,3.0,3552.12
138,potenciales,1,2693046,2693046,3.0,2170.077
138,potenciales,2,2691359,2691359,3.0,2921.256
138,potenciales,3,2692813,2692813,3.0,3236.112
138,potenciales,4,2690882,2690882,3.0,3387.78
138,potenciales,5,2693024,2693024,3.0,4030.536
138,potenciales,6,2692624,2692624,3.0,4421.235
139,oportunidad,1,2692327,2692327,3.0,1952.748
139,oportunidad,2,2691996,2691996,3.0,2498.25
139,oportunidad,3,2691116,2691116,3.0,2661.484
139,oportunidad,4,2691093,2691093,3.0,2919.708
139,oportunidad,5,2690699,2690699,3.0,3329.314
139,oportunidad,6,2691072,2691072,3.0,3350.7
139,oportunidad,7,2692722,2692722,3.0,3388.546
139,oportunidad,8,2690986,2690986,3.0,3462.914
139,oportunidad,9,2693066,2693066,3.0,3561.968
141,potenciales,1,2690869,2690869,3.0,1612.729
141,potenciales,2,2692446,2692446,3.0,1626.8
141,potenciales,3,2691304,2691304,3.0,1627.478
141,potenciales,4,2692173,2692173,3.0,1645.56
141,potenciales,5,2690936,2690936,3.0,1681.368
141,potenciales,6,2692721,2692721,3.0,1681.368
141,potenciales,7,2692139,2692139,3.0,1707.904
141,potenciales,8,2692939,2692939,3.0,1794.537
141,potenciales,9,2693038,2693038,3.0,1799.926
141,potenciales,10,2691013,2691013,3.0,1943.168
141,potenciales,11,2692900,2692900,3.0,2011.72
141,potenciales,12,2692044,2692044,3.0,2042.646
141,potenciales,13,2692927,2692927,3.0,2043.432
141,potenciales,14,2692851,2692851,3.0,2096.822
141,potenciales,15,2692690,2692690,3.0,2171.767
141,potenciales,16,2691095,2691095,3.0,2211.354
141,potenciales,17,2690077,2690077,3.0,2227.392
141,potenciales,18,2691098,2691098,3.0,2249.832
141,potenciales,19,2692559,2692559,3.0,2271.549
141,potenciales,20,2691061,2691061,3.0,2281.272
141,potenciales,21,2690948,2690948,3.0,2365.771
141,potenciales,22,2692818,2692818,3.0,2381.938
142,potenciales,1,2692325,2692325,3.0,2635.2
142,potenciales,2,2691704,2691704,3.0,2798.496
142,potenciales,3,2692465,2692465,3.0,2891.196
142,potenciales,4,2690973,2690973,3.0,3073.95
142,potenciales,5,2691361,2691361,3.0,3670.744
144,oportunidad,1,2692812,2692812,3.0,5362.854
144,oportunidad,2,2690943,2690943,3.0,5916.96
144,oportunidad,3,2692761,2692761,3.0,6882.75
149,oportunidad,1,2691174,2691174,3.0,2657.526
149,oportunidad,2,2692492,2692492,3.0,2668.83
150,oportunidad,1,2691365,2691365,3.0,2523.528
150,oportunidad,2,2690927,2690927,3.0,2757.66
152,oportunidad,1,2693018,2693018,3.0,2566.08
152,oportunidad,2,2690672,2690672,3.0,2621.733
154,oportunidad,1,2691262,2691262,3.0,4062.947
154,oportunidad,2,2692328,2692328,3.0,6214.86
155,oportunidad,1,2692029,2692029,3.0,2623.166
156,oportunidad,1,2690762,2690762,3.0,800.352
156,oportunidad,2,2692442,2692442,3.0,1685.775
156,oportunidad,3,2692217,2692217,3.0,3050.45
156,oportunidad,4,2690661,2690661,3.0,3211.724
156,oportunidad,5,2692919,2692919,3.0,3495.64
156,oportunidad,6,2691083,2691083,3.0,3704.415
157,potenciales,1,2691015,2691015,3.0,1815.328
157,potenciales,2,2691412,2691412,3.0,1986.222
157,potenciales,3,2692155,2692155,3.0,2081.508
157,potenciales,4,2691392,2691392,3.0,2091.643
157,potenciales,5,2692174,2692174,3.0,2381.034
158,oportunidad,1,2691259,2691259,3.0,1741.95
159,potenciales,1,2691114,2691114,3.0,1664.712
159,potenciales,2,2691432,2691432,3.0,2172.456
159,potenciales,3,2692563,2692563,3.0,2176.776
159,potenciales,4,2692915,2692915,3.0,2290.674
161,oportunidad,1,2692320,2692320,3.0,3294.432
162,potenciales,1,2692520,2692520,3.0,2025.4
162,potenciales,2,2692461,2692461,3.0,2073.018
164,oportunidad,1,2692859,2692859,3.0,9140.688
164,oportunidad,2,2692976,2692976,3.0,10475.114
169,potenciales,1,2691130,2691130,3.0,1638.12
169,potenciales,2,2692457,2692457,3.0,1643.4
169,potenciales,3,2691425,2691425,3.0,1817.838
170,oportunidad,1,2692755,2692755,3.0,6527.4
170,oportunidad,2,2692745,2692745,3.0,6529.14
170,oportunidad,3,2693074,2693074,3.0,6574.59
180,oportunidad,1,2692748,2692748,3.0,4049.076
180,oportunidad,2,2691292,2691292,3.0,5387.328
180,oportunidad,3,2692865,2692865,3.0,8690.044
183,oportunidad,1,2690925,2690925,3.0,6357.52
186,oportunidad,1,2691244,2691244,3.0,2417.82
186,oportunidad,2,2692765,2692765,3.0,4178.16
186,oportunidad,3,2692529,2692529,3.0,4591.404
186,oportunidad,4,2692803,2692803,3.0,5882.05
187,potenciales,1,2693113,2693113,3.0,2240.154
187,potenciales,2,2692730,2692730,3.0,3688.014
187,potenciales,3,2692381,2692381,3.0,4455.405
187,potenciales,4,2692715,2692715,3.0,5019.876
188,potenciales,1,2692849,2692849,3.0,4093.875
190,oportunidad,1,2693129,2693129,2.0,5954.676
191,potenciales,1,2691291,2691291,3.0,2940.524
191,potenciales,2,2692842,2692842,3.0,3135.528
192,oportunidad,1,2690970,2690970,3.0,5438.826
192,oportunidad,2,2691958,2691958,3.0,5824.032
196,oportunidad,1,2691181,2691181,3.0,3005.458
196,oportunidad,2,2693088,2693088,3.0,3118.356
197,oportunidad,1,2692579,2692579,3.0,1784.856
197,oportunidad,2,2692316,2692316,3.0,2873.616
197,oportunidad,3,2690840,2690840,3.0,3320.994
200,oportunidad,1,2692759,2692759,3.0,5838.669
200,oportunidad,2,2692773,2692773,3.0,6701.465
201,oportunidad,1,2692221,2692221,3.0,3397.797
201,oportunidad,2,2690715,2690715,3.0,3597.12
207,oportunidad,1,2692346,2692346,3.0,4366.336
208,oportunidad,1,2692513,2692513,3.0,2981.124
208,oportunidad,2,2692935,2692935,3.0,3159.552
208,oportunidad,3,2690813,2690813,3.0,3553.578
209,oportunidad,1,2692934,2692934,2.0,6506.808
209,oportunidad,2,2692840,2692840,2.0,7433.218
209,oportunidad,3,2692218,2692218,2.0,7920.3
210,oportunidad,1,2691967,2691967,3.0,3050.298
210,oportunidad,2,2692211,2692211,3.0,3371.2
